{
  "swagger" : "2.0",
  "info" : {
    "version" : "1.0.0",
    "title" : "oauth token API",
    "description" : "Oauth API",
    "contact" : {
      "name" : "BANK RBK API team",
      "email" : "apiteam@bankrbk.kz",
      "url" : "http://www.bankrbk.kz"
    }
  },
  "host" : "10.1.1.114",
  "basePath" : "/oauth",
  "schemes" : [ "https" ],
  "consumes" : [ "application/json" ],
  "produces" : [ "application/json" ],
  "paths" : {
    "/token" : {
      "get" : {
        "tags" : [ "Авторизация клиента" ],
        "summary" : "Авторизация клиента",
        "description" : "Авторизация клиента и получение токена",
        "operationId" : "getToken",
        "produces" : [ "application/json" ],
        "parameters" : [ {
          "name" : "grant_type",
          "in" : "query",
          "description" : "Тип доступа",
          "required" : true,
          "type" : "string",
          "minLength" : 1
        }, {
          "name" : "client_id",
          "in" : "query",
          "description" : "Идентификатор клиента",
          "required" : true,
          "type" : "string",
          "minLength" : 1
        }, {
          "name" : "client_secret",
          "in" : "query",
          "description" : "Секрет клиента",
          "required" : true,
          "type" : "string",
          "minLength" : 1
        } ],
        "responses" : {
          "200" : {
            "description" : "Возращает токен клиента",
            "schema" : {
              "$ref" : "#/definitions/tokenModel"
            }
          },
          "400" : {
            "description" : "Invalid Input",
            "schema" : {
              "$ref" : "#/definitions/Error"
            }
          },
          "404" : {
            "description" : "Not Found"
          },
          "500" : {
            "description" : "Unexpected error",
            "schema" : {
              "$ref" : "#/definitions/Error"
            }
          }
        }
      }
    },
    "/token/{value}" : {
      "get" : {
        "operationId" : "getValue",
        "responses" : {
          "200" : {
            "description" : "Разрешает доступ по токену",
            "schema" : {
              "$ref" : "#/definitions/checkToken"
            }
          },
          "500" : {
            "description" : "Unexpected error",
            "schema" : {
              "$ref" : "#/definitions/Error"
            }
          }
        },
        "produces" : [ "application/json" ],
        "description" : "Проверка на валидность токена",
        "parameters" : [ {
          "required" : true,
          "name" : "value",
          "in" : "path",
          "type" : "string",
          "description" : "Значение токена"
        } ]
      }
    }
  },
  "definitions" : {
    "tokenModel" : {
      "type" : "object",
      "properties" : {
        "access_token" : {
          "type" : "string",
          "description" : "токен доступа",
          "minLength" : 1
        },
        "token_type" : {
          "type" : "string",
          "description" : "тип токена",
          "minLength" : 1
        },
        "expires_in" : {
          "type" : "string",
          "description" : "срок действия",
          "minLength" : 1
        },
        "refresh_token" : {
          "type" : "string",
          "description" : "токен обновления",
          "minLength" : 1
        }
      },
      "required" : [ "access_token", "token_type" ]
    },
    "Error" : {
      "type" : "object",
      "properties" : {
        "code" : {
          "type" : "integer",
          "description" : "Код ошибки",
          "format" : "int32"
        },
        "type" : {
          "type" : "string",
          "description" : "Тип ошибки. validation - ошибка бизнес логики. exception - техническая ошибка",
          "enum" : [ "validation", "exception" ]
        },
        "message" : {
          "type" : "string",
          "description" : "Текст ошибки",
          "minLength" : 0
        },
        "details" : {
          "type" : "string",
          "description" : "Детали ошибки. Опционально",
          "minLength" : 0
        }
      },
      "required" : [ "code", "type", "message" ]
    },
    "checkToken" : {
      "type" : "object",
      "properties" : {
        "isOk" : {
          "type" : "boolean"
        }
      },
      "required" : [ "isOk" ]
    }
  }
}