{
  "swagger" : "2.0",
  "info" : {
    "title" : "orgstructure",
    "version" : "1.0.0",
    "description" : "orgstructure"
  },
  "paths" : {
    "/structure" : {
      "get" : {
        "operationId" : "getStructure",
        "responses" : {
          "200" : {
            "description" : "The operation was successful.",
            "schema" : {
              "type" : "array",
              "items" : {
                "$ref" : "#/definitions/Structure"
              }
            }
          }
        },
        "produces" : [ "application/json" ],
        "description" : "Retrieve structure"
      }
    }
  },
  "basePath" : "/orgstructure/v1",
  "definitions" : {
    "Structure" : {
      "type" : "array",
      "items" : {
        "type" : "object",
        "properties" : {
          "element1" : {
            "type" : "string"
          }
        }
      }
    }
  }
}